UTTERANCES,CORE RELATIONS
i wonder how many movies alfred hitchcock was in that he directed,movie.starring.actor movie.directed_by
what films deal with immigrants in america,movie.subjects
how will i know when the movie gone with the wind will be released,movie.initial_release_date
show me information about movie,none
give me a list of zombie movies,movie.subjects
show me tom hanks movies,movie.starring.actor
who produced black swan,movie.produced_by
what character did tom hanks play in apollo thirteen,movie.starring.actor movie.starring.character
i would like to see movies in english,movie.language
name the movies clive owen has been in,movie.starring.actor
can you tell me when 24 will be released,movie.initial_release_date
who was in hitch,movie.starring.actor
how much did my big fat greek wedding cost,movie.estimated_budget
who produced cars,movie.produced_by
find ron howard new movie,movie.directed_by movie.initial_release_date
search for information about tom cruise,none
which month was the movie released,movie.initial_release_date
who was the producer for elizabeth,movie.produced_by
trouble with the curve was based on what,none
can you show me information on will ferrell please,none
show me who directed cabin in the woods,movie.directed_by
is the other guys a comedy,movie.genre
how many movies has kristen stewart made,movie.starring.actor
what was the bourne identity's budget,movie.estimated_budget
show me the budget for the movie,movie.estimated_budget
director for titanic,movie.directed_by
find movies produced by castle rock entertainment,movie.production_companies
can you tell me about the revenue generated by the movie avatar,movie.gross_revenue
find movies produced by mel gibson,movie.produced_by
what genre is finding nemo,movie.genre
find movies produced by disney pixar,movie.production_companies
can you find me movies in russian,movie.language
when was black swan released,movie.initial_release_date
show me a list of some japanese movies,movie.country movie.language
when house at the end of the street showing,movie.initial_release_date
get me a list of current r-rated movies,movie.rating movie.initial_release_date
director of halloween,movie.directed_by
who produced what to expect when you're expecting,movie.produced_by
what ratings does the house at the end of the street hold,movie.rating
what did et gross,movie.gross_revenue
i want to view the page on in july,none
gilda charles vidor,movie.directed_by
i only want to see movies in german,movie.language
who was in life is beautiful,movie.starring.actor
how much did black swan cost,movie.estimated_budget
information about will ferrell,none
it is hard to find a movie that is rated g anymore,movie.rating
current movie options for today with patrick swayze,movie.starring.actor movie.initial_release_date
movies about zombies,movie.subjects
when avatar released,movie.initial_release_date
show me movies starring denzel washington,movie.starring.actor
what movies has tom cruise been in,movie.starring.actor
who is director steven spielberg,none
the god father,none
show me movies directed by steven spielberg,movie.directed_by
can i see this film rating,movie.rating
home this movie is in english,movie.language
sort in all japanese movies,movie.country movie.language
can you please search for movies by steven spielberg,movie.directed_by
find movies produced by brian glazer,movie.produced_by
find all details of original finding nemo movie,none
i can't remember the lead guy in the avengers,movie.starring.actor
i can't figure out the name of the lead guy in the avengers,movie.starring.actor
see bill paxton,none
who is listed as producer of grease,movie.produced_by
name of producer for ghost busters,movie.produced_by
what movies did quentin terrantino direct,movie.directed_by
in july movie page,none
who made steel magnolias,movie.directed_by
i want a list of pg rated movies,movie.rating
movies by tom hanks,movie.directed_by
funny pg thirteen movies,movie.rating movie.genre
what are recent films by will ferrell,movie.starring.actor movie.initial_release_date
ron howard movies produce list,movie.produced_by
genre for gone with the wind,movie.genre
bring up a bio on will ferrell,none
where was black swan produced,movie.country
show me movies in english,movie.language
who was the lead actress in the hunger games,movie.starring.actor
what movies are rated pg thirteen,movie.rating
can i see what movies steven spielberg has done,movie.directed_by
show me movies in swedish,movie.language
spanish movies,movie.country movie.language
find movies of karan johar,movie.directed_by
find movies by mosfilm,movie.production_companies
find directors,none
give me a list of recent horror films,movie.genre movie.initial_release_date
looking for an action movie,movie.genre
show me movies in chinese,movie.language
what language is shindler's list in,movie.language
show me the actor of the ranam,movie.starring.actor
get me bio info for will ferrell,none
show me all rated r movies,movie.rating
find rated r movies,movie.rating
look up information about canadian movies,movie.country
when did jurassic park get released,movie.initial_release_date
search for movies directed by tyler perry,movie.directed_by
find movies from canada,movie.country
find movies in italian,movie.language
i would like to see will ferrell movies,movie.starring.actor
ondskan's language,movie.language
when was black swan in the theatre,movie.initial_release_date
show me french r rated dramas,movie.country movie.language movie.genre movie.rating
summary of in july,none
who directed the movie the thing called love,movie.directed_by
who produced hotel rwanda,movie.produced_by
show me english movies,movie.language
i want to see movies from spain,movie.country
can i watch a terry george film tonight,movie.directed_by
find love stories,movie.subjects
show me movies by twentieth century fox,movie.production_companies
who stared in i love lucy,movie.starring.actor
find movies with a nc 17 only,movie.rating
what was the budget for citizen kane,movie.estimated_budget
director of hum tum,movie.directed_by
list movies produced by sean penn,movie.produced_by
i am in the mood for a horror film,movie.genre
richard lester produced what other movies,movie.produced_by
did rob reiner direct any movies,movie.directed_by
show me french movies,movie.country movie.language
open page for finding nemo,none
can i have a list of producers,none
which movies are rated pg-13,movie.rating
find movies in spanish,movie.language
what was the date when welcome to the dollhouse was released,movie.initial_release_date
can i get a list of movies available in english,movie.language
find movies by producer,movie.produced_by
what are the names of movies with zombies in them,movie.subjects
show me information on tom hanks,none
the movie ants was produced by what person,movie.produced_by
looking for movies,none
display actors in movies,none
find movies produced by george lucus,movie.produced_by
find me some warner bros. movies,movie.production_companies
i need a list of movies produced by ray stark,movie.produced_by
check movie in july information,none
search for movies rated g,movie.rating
show me the last five films for lionsgate,movie.production_companies movie.initial_release_date
who is in the movie two can play that game,movie.starring.actor
filmography for steven spielberg,movie.directed_by
who starred in the parent trap,movie.starring.actor
look up r rated movies,movie.rating
i want to know in what language was ju on filmed,movie.language
i need a list of movies produced by clint eastwood,movie.produced_by
search movie actors,none
frank capra movies,movie.directed_by
what movies has ron howard directed,movie.directed_by
i want to see a list of g rated movies,movie.rating
what movie has albert brooks done lately,movie.starring.actor movie.initial_release_date
search for the release date of vulgaria,movie.initial_release_date
give me detailed information about the movie star wars:episode four -a new hope,none
please run a search on will ferrell and display all info returned,none
what movie did victor fleming direct,movie.directed_by
information on julia roberts,none
where can i see a list of movies produced in great britain,movie.country
what language is la havre in,movie.language
search gilda director,movie.directed_by
show me the actor of the movie varsham,movie.starring.actor
all about will farrell please,none
what are the particulars for the movie life is beautiful,none
tell me about the revenue generated by the movie avatar,movie.gross_revenue
display movies made in germany,movie.country
find prison break movies,none
show movies directed by ron howard,movie.directed_by
about movie in july,none
give me a list of some movies by producer walt disney,movie.production_companies
show french comedy films,movie.language movie.genre
show me movies from brazil,movie.country
who produced the devil wears prada,movie.produced_by
lion king release yr,movie.initial_release_date
michelle phifer movie list,movie.starring.actor
i want to see any movies will ferrell has been in,movie.starring.actor
please find what language the chaser is in,movie.language
what is the release date of the movie barfi,movie.initial_release_date
show lionsgate director movies,movie.production_companies
how long has black swan been out,movie.initial_release_date
show me movies from canada,movie.country
list of all dutch movies,movie.country movie.language
when can the help be released,movie.initial_release_date
show me information on the cast and crew of pitchperfect,movie.starring.actor
show me scifi fantasy movies,movie.genre
language of a separation,movie.language
when did happiness get released,movie.initial_release_date
i would like a list of movies that have been made in spanish,movie.language
show movies done by 7 arts,movie.production_companies
which movies were made in japan,movie.country
which actors starred in hitch,movie.starring.actor
who produced spaceballs,movie.produced_by
find info on the crew of apollo thirteen,movie.starring.actor
director of the hulk,movie.directed_by
search for actors,none
what did the movie avatar cost to make,movie.estimated_budget
hitch list producer,movie.produced_by
show me info on the movie dirty dancing please,none
please find all movies woody allen has directed,movie.directed_by
star wars,none
look up the rating for the movie dredd,movie.rating
find a movie with mel gibson,movie.starring.actor
show director clint eastwood movies,movie.directed_by
what about steven spielberg,none
what company is the producer of inception,movie.produced_by
search for movies in italian,movie.language
release date for amazing spiderman,movie.initial_release_date
who directed the movie in july,movie.directed_by
i want info on how produced hitch,movie.produced_by
find me pg movies,movie.rating
what are some movies made by searchlight films,movie.production_companies
please look up r rated movies,movie.rating
show me movies rated pg,movie.rating
italian films,movie.country movie.language
show zombie movies,movie.subjects
tell me the language of ju on,movie.language
total titanic revenues,movie.gross_revenue
current movie suggestions,movie.initial_release_date
bring up all diving related movies,movie.subjects
stephen king directed what movie,movie.directed_by
can you please search movies of tom cruise,movie.starring.actor
list movies starring angelina jolie,movie.starring.actor
what are all the movies played in by chrisian bale,movie.starring.actor
i would like to look up the budget of freedom writers,movie.estimated_budget
look for john cusack movies,movie.starring.actor
actress in hum tum,movie.starring.actor
find some zombie movies,movie.subjects
search for information about robert wise,none
show german movies,movie.country movie.language
was will smith in hitch,movie.starring.actor
who are the lead actors in life is beautiful,movie.starring.actor
what was the cast of hitch,movie.starring.actor
find oliver stone directed movies,movie.directed_by
i want only spanish movies,movie.country movie.language
who did avatar,movie.directed_by
who produced the movie the dark knight,movie.produced_by
give me information about elizabeth mcgovern,none
show me the official site for finding nemo,none
find some suspenseful movies,movie.genre
when did the movie avatar get released,movie.initial_release_date
who made godzilla,movie.directed_by movie.produced_by
browse lionsgate information,none
display all results for dirty dancing,none
show me other movies produced by james cameron,movie.produced_by
give me a list of time travel movies,movie.subjects
who are all of the actors in hitch,movie.starring.actor
can you give me more information about charles,none
genre for while you were sleeping,movie.genre
show me the producer of the godfather,movie.produced_by
find rated pg movies,movie.rating
tim burton movies,movie.directed_by
list star wars movie a new hope,none
information on finding nemo,none
cast and crew for house at the end of the street,movie.starring.actor
find sandra bullock's latest movie,movie.starring.actor movie.initial_release_date
which all movies are produced by yash chopra,movie.produced_by
will you provide a list of movies produced by clint eastwood,movie.produced_by
show me some alfred hitchcock movies,movie.directed_by
show me movies made in south africa,movie.country
what movies has albert ruddy produced,movie.produced_by
who was the main character in men in black 3,movie.starring.actor
i would like to see the main page of in july,none
i want to see a list of lionsgate movies,movie.production_companies
list rating g,movie.rating
how many producers did the movie the hitch have,movie.produced_by
any new movies with eddie murphy,movie.starring.actor movie.initial_release_date
what movies did matt damon appear in,movie.starring.actor
what are movies that have a r rating,movie.rating
what is the appropriate age for clueless,movie.rating
hitchcock movie list,movie.directed_by
show me nc seventeen movies,movie.rating
who directed return,movie.directed_by
i need to know the genre of the movie avatar,movie.genre
i want to see a robert redford produced movie,movie.produced_by
find name of main actor in the movie the help,movie.starring.actor
please tell me when was the movie gone with the wind released,movie.initial_release_date
please show me movies about ice skating,movie.subjects
which movies are based on zombies,movie.subjects
display details of in july movie,none
show me the genre of the movie avatar,movie.genre
movie with brad pitt,movie.starring.actor
is iron man 3 in theatres yet,movie.initial_release_date
list of barry sonnenfeld films,movie.directed_by
find the name of the director of chips,movie.directed_by
can you find out what the movie dredd is rated,movie.rating
country that made a separation,movie.country
look for movies starring the singer mario,movie.starring.actor
brad pitt movie now,movie.starring.actor
shows actors in shoot to kill,movie.starring.actor
what is the origin country of mirror,movie.country
avatar must have cost a bundle,movie.estimated_budget
who was the director of the movie jaws,movie.directed_by
lionsgate movies,movie.production_companies
please show me movies made in france,movie.country
genre for the avengers,movie.genre
what age is appropriate to watch marley and me,movie.rating
show me movies in spanish,movie.language
please find me some info on finding nemo,none
i would like to know when the movie step up was released,movie.initial_release_date
steven spielberg,none
who directed avatar,movie.directed_by
get me only g-rated movies,movie.rating
what movies does jake gyllenhaal star in,movie.starring.actor
what are the names of movies made in the united states,movie.country
what movies has will ferrell been in,movie.starring.actor
when was the scooby do movie released,movie.initial_release_date
tell me about the movie the campaign in detail,none
what year did the movie grease open,movie.initial_release_date
i would like info on the movie life is beautiful,none
i would like to select the option to search for movies produced by stephen spielberg,movie.produced_by
see the olsen twins,none
what was the budget for top gun,movie.estimated_budget
can you find movies with steven spielberg,movie.directed_by
when was finding nemo released,movie.initial_release_date
tom hanks movies,movie.starring.actor
watch the last james cameron movie,movie.directed_by movie.initial_release_date
movie info kristen stewart,movie.starring.actor
who was the director of the movie titanic,movie.directed_by
how can i get more information on finding nemo,none
cast and crew for hitch,movie.starring.actor
show me all films produced by warner bros.,movie.production_companies
what are some movies made in japan,movie.country
open a page about will ferrell,none
find the director for the social network,movie.directed_by
watch miramax,movie.production_companies
find the producer of moby dick,movie.produced_by
i would like to see a polish language film,movie.language
how much did titanic cost to make,movie.estimated_budget
what is the genre for movie,movie.genre
can you find movies in spanish,movie.language
display movies made by production lionsgate,movie.production_companies
what was kevin james role in hitch,movie.starring.actor movie.starring.character
yash chopra's movies,movie.directed_by
show me a list of movies directed by mel gibson,movie.directed_by
give me a list of will ferrell films,movie.starring.actor
i want to take my kids to a g movie,movie.rating
show me anne hathaway's latest movie,movie.starring.actor movie.initial_release_date
show me canadian films,movie.country
japanese movie titles,movie.country movie.language
list of dax shepard movies,movie.starring.actor
what is the ratings of action movies,movie.rating movie.genre
find all movies produced by clint eastwood,movie.produced_by
show me a list of all the movies directed by james cameron,movie.directed_by
find a list of movies directed by spielberg,movie.directed_by
who made the movie field of dreams,movie.directed_by
show me the movies rating pg,movie.rating
show actors in movies,none
what is the movie category,movie.genre
show all movies directed by woody allen,movie.directed_by
list recent films with actor bruce willis,movie.starring.actor movie.initial_release_date
show me a list of all movies directed by tom hanks starting with newest to oldest,movie.directed_by movie.initial_release_date
i would like to look for movies about god,movie.subjects
release day for the movie,movie.initial_release_date
what movies are currently playing that are rated g,movie.rating
actor from modern family,movie.starring.actor
gone with the wind's budget information please,movie.estimated_budget
show all relevant information about the director steven spielberg,none
list movie info kristen stewart,movie.starring.actor
find the guy who plays charlie on charlie's angels,movie.starring.actor movie.starring.character
can you tell me about the movie dirty dancing in detail,none
i want to see japanese movies,movie.country movie.language
find the producer of gone with the wind,movie.produced_by
which director directed a hard day's night,movie.directed_by
g movies,movie.rating
what language is the movie in,movie.language
when did lionsgate start making movies,movie.production_companies movie.initial_release_date
list director movies,movie.directed_by
search director of the movie platoon,movie.directed_by
what is the name of the company that produced the movie avatar,movie.production_companies
movies rated pg,movie.rating
list all rated r movies,movie.rating
get all italian language movies,movie.language
who's the director of pi,movie.directed_by
find info on tom hanks,none
find dreamworks movies for kids,movie.rating movie.production_companies
please list all movies that stephen spielberg produced,movie.produced_by
how many movies were filmed in asia,movie.locations
who were the stars of dirty dancing,movie.starring.actor
show me the actor of the movie sirisiri muvva,movie.starring.actor
what other videos does the country norway have,movie.country
what old movies are made by warner brothers,movie.production_companies movie.initial_release_date
find korean movies,movie.country movie.language
search director of the exorcist,movie.directed_by
what movies are made by dreamworks,movie.production_companies
find movies about gambling,movie.subjects
how much did the movie avatar cost,movie.estimated_budget
footloose,none
when is will ferrell's birthday,person.date_of_birth
what was the budget for courageous,movie.estimated_budget
what was the release date for avatar,movie.initial_release_date
what movies have robert deniro produced,movie.produced_by
display biography of actor will ferrell,none
can you show me movies spanish,movie.country movie.language
will ferrell,none
please find movies produced by clint eastwood,movie.produced_by
what actors played in the movies hitch,movie.starring.actor
rocky actor,movie.starring.actor
find me films produced by drew barrymore,movie.produced_by
show me comedies,movie.genre
find the name of the actor who played jack in the movie titanic,movie.starring.actor movie.starring.character
find twentieth century fox movies,movie.production_companies
show me movies with time travel themes,movie.subjects
find movies from france,movie.country
what was the budget for wrong turn,movie.estimated_budget
what was the budget for black swan,movie.estimated_budget
i want to find movies directed by stephen speilberg,movie.directed_by
i'm looking for the cost of some movies,movie.estimated_budget
in search for movies,none
i want movies about 9-11,movie.subjects
woody movies,movie.directed_by
show me gilda's credits,movie.starring.actor
display information for the movie life is beautiful,none
eva mendes films,movie.starring.actor
list will ferrell films,movie.starring.actor
can you tell me the genre for 1000 words,movie.genre
show me the lion king's budget,movie.estimated_budget
is parenthood a comedy,movie.genre
in what movies tom cruise is,movie.starring.actor
what are the three latest films with will ferrell,movie.starring.actor movie.initial_release_date
what pg-13 movies are currently showing,movie.rating movie.initial_release_date
find movies done in germany,movie.country
actress from gone with the wind,movie.starring.actor
see movies from spain,movie.country
find info about star wars episode four,none
goodfellas director,movie.directed_by
appropriate for kids,movie.rating
what language is the chaser in,movie.language
what was the budget for jurassic park,movie.estimated_budget
get me info for the movie dirty dancing,none
show me movies produced in french,movie.language
what movies are made by twentieth century fox television,movie.production_companies
how much did the dark night cost to produce,movie.estimated_budget
give me the genre of the movie lawless,movie.genre
find movies from japan,movie.country
movies from england please,movie.country
who directed hitch,movie.directed_by
which movies are family friendly,movie.rating
see zombie movies,movie.subjects
i want to see movies directed by ridley scott,movie.directed_by
does italy make any movies,movie.country
what movies did hitchcock direct,movie.directed_by
who directed gilda,movie.directed_by
list all brad pitt movies,movie.starring.actor
who directed the sandlot,movie.directed_by
i want to see a comedy in spanish,movie.language movie.genre
watch tom hanks,movie.starring.actor
get me information about the movie star wars four,none
can you show me a list of scary movies,movie.genre
tell about star wars iv,none
show me the name of the country from which the movie kati patang comes,movie.country
find hindi movies,movie.language
show me movies that tom hanks directed,movie.directed_by
what year was ed harris in in apollo thirteen,movie.starring.actor movie.initial_release_date
i need a list of actors,none
who played in the oranges,movie.starring.actor
darth vader,movie.starring.character
i want to know the original language of ju on,movie.language
can you please show me info on the movie dirty dancing,none
where was movie made,movie.country
show me the cast and list for dirty dancing,movie.starring.actor
show cast list for the avergers,movie.starring.actor
i want to watch a romance made in india,movie.country movie.genre
show me movies that are rated pg thirteen,movie.rating
movies about time travel,movie.subjects
who else directs zombie movies,movie.directed_by movie.subjects
find movie titles,none
get movies about zombies,movie.subjects
what movies did michael bay direct,movie.directed_by
director's profiles: hitchcock,none
search for spanish movies,movie.country movie.language
what movies have kristen stewart done,movie.starring.actor
send me movies that are in spanish,movie.language
please show me movies starring denzel washington,movie.starring.actor
find danish movies,movie.country movie.language
i want to know more about the movie life is beautiful,none
gross earnings for movies,movie.gross_revenue
show me movies in italian,movie.language
find movies that are pg,movie.rating
which productions are from stephen spilberg,movie.produced_by
look for information about charles vidor,none
language of godzilla movie,movie.language
who was the director of the movie e t,movie.directed_by
when did richard lester start directing,movie.directed_by movie.initial_release_date
show me movies with jennifer aniston,movie.starring.actor
which movies has kristen stewart been in,movie.starring.actor
movies with tom hanks,movie.starring.actor
show me a list of all movies made in the united states,movie.country
who is will ferrell,none
show sergio leone's movies,movie.directed_by
show movies in german,movie.language
movies by mel gibson,movie.directed_by
who made field of dreams,movie.directed_by
can you tell me the rating for cabin in the woods,movie.rating
how much revenue did titanic make,movie.gross_revenue
find information about tom cruise,none
list brad pitt movies,movie.starring.actor
movies with sally field,movie.starring.actor
how much did it cost to make jurassic park,movie.estimated_budget
search for the cast and crew for the movie dirty dancing,movie.starring.actor
what was the gross earnings for the avengers movie,movie.gross_revenue
give me more details about the producer ray stark,none
how much revenue did the movie avatar generate,movie.gross_revenue
how much did james cameron have to spend to make avatar,movie.estimated_budget movie.directed_by
how many movies are made in the united states,movie.country
looking of movie heroine's budget,movie.estimated_budget
can you please tell me when was karate kid released,movie.initial_release_date
list g,movie.rating
movies cecil b demille,movie.directed_by
what age is black swan appropriate for,movie.rating
what country did black beauty come from,movie.country
do you have anything by george cukor,movie.directed_by
are there any french films showing,movie.country movie.language
movies about chess,movie.subjects
I'd like a list of spanish movies,movie.country movie.language
show tom hanks movies,movie.starring.actor
person produced the blind side,movie.produced_by
show me finding nemo,none
find a list of directors and their movies,movie.directed_by
can you show me the name of the producer for cabin in the woods,movie.produced_by
production company for the hulk,movie.production_companies
what are all of the movies made in usa,movie.country
which are some of the movies that have george clooney in them,movie.starring.actor
list of g movies,movie.rating
house at the end of the street movie info,none
show me information for the movie the campaign,none
what year was the godfather released,movie.initial_release_date
find movies produced by morgan freeman,movie.produced_by
show only g rated movies,movie.rating
names of romantic indian films,movie.country movie.language movie.genre
bring me to will ferrell informaion,none
can i see what the lion king's budget was,movie.estimated_budget
how many movies has darla anderson produced,movie.produced_by
what language is ju on on,movie.language
what are all movies made by united states,movie.country
compile a list of movies with a r rating,movie.rating
i need movies directed by oliver stone,movie.directed_by
can you find more information on albert ruddy,none
list some movies that are in french,movie.language
ed harris films,movie.starring.actor
which decade did the movie come out,movie.initial_release_date
find movies rated pg,movie.rating
pull up spielberg,none
show me movies produced by stephen spielberg,movie.produced_by
the godfather came out when,movie.initial_release_date
show me korean language movie,movie.language
show all details of original finding nemo movie,movie.initial_release_date
search for dirty dancing,none
please show me info on the movie the campaign,none
what year was the hobbit relased,movie.initial_release_date
who was the lead actor in the avengers,movie.starring.actor
find out the genre for the movie annamayya,movie.genre
show me diving movies,movie.subjects
when was dirty dancing released,movie.initial_release_date
list movies directed by james cameron,movie.directed_by
give me a list of movies that george lucas produced,movie.produced_by
movie little women release date is when,movie.initial_release_date
show me the release date of the movie barfi,movie.initial_release_date
who directed the movie called avatar,movie.directed_by
what role did sarah polley play in go,movie.starring.actor movie.starring.character
i want information about the movie in july,none
bio on will ferrell,none
show movie ratings,movie.rating
finding nemo movie shortcut,none
show me cameron diaz movies,movie.starring.actor
show movies concerning war,movie.subjects
what are some japanese movies,movie.country movie.language
dirty dancing movie short cuts,none
can you please list the movies brad pitt has acted in,movie.starring.actor
what is the name of the actor who was in the parent trap,movie.starring.actor
who was the director of forest gump,movie.directed_by
find movies filmed in canada,movie.country
i don't want any g rated movies,movie.rating
look for information about paramount studios,none
can i see the cast and crew for house at the end of the street,movie.starring.actor
who starred in taxi,movie.starring.actor
find synopsis for life is beautiful,none
please show me info on the movie dirty dancing,none
what movies are in italian,movie.language
rating g list,movie.rating
show me pg rated movies,movie.rating
find movies from miramax,movie.production_companies
how many movies has angelina jolie been in,movie.starring.actor
i would like to watch movies that are spoken in spanish,movie.language
find time travel movies,movie.subjects
will you show the cost to produce the deer hunter,movie.estimated_budget
find movies with pg-13 only,movie.rating
list movies by searchlight films,movie.production_companies
find movies is french,movie.language
what genre is the movie lawless,movie.genre
find me more information on scorscese,none
i would like to look for the director of freedom writers,movie.directed_by
show me movies with pg ratings,movie.rating
which company produced the terminator,movie.production_companies
i need general information on finding nemo,none
can i take my 13 year old to see american pie,movie.rating
what company produced cabin in the woods,movie.production_companies
what other movies die charles vidor direct,movie.directed_by
when was house at the end of the street released,movie.initial_release_date
show me movies made in england,movie.country
who were roberto benigni's costars on life is beautiful,movie.starring.actor
show me childrens movies,movie.genre
how many movies did hitchcock direct,movie.directed_by
which movies are originally in a foreign language,movie.language
what movies have brad pitt,movie.starring.actor
twentieth century fox movies since 1990,movie.initial_release_date
producer for ms. congeniality,movie.produced_by
i want to see more movies with katie holmes,movie.starring.actor
what year was the movie released,movie.initial_release_date
search for movies about dancing,movie.subjects
which director directed avatar,movie.directed_by
time travel movies,movie.subjects
is this a foreign film,movie.country
can i see the cast and crew for the movie in july,movie.starring.actor
actors in star wars four,movie.starring.actor
budget for titanic,movie.estimated_budget
display all details of original finding nemo movie,none
show data for the movie in july,none
look for french movies,movie.country movie.language
show biography for director steven spielberg,none
show me a bio of will ferrell,none
when was the movie step up released,movie.initial_release_date
i want a list of movies rated g,movie.rating
show me a list of musicals,movie.genre
show me some films produced by jon landau,movie.produced_by
genre for transformers,movie.genre
what was the relase date for men in black,movie.initial_release_date
what was the name of the director in men in black 3,movie.directed_by
show me detailed information about the movie in july,none
when was tom cruise born,person.date_of_birth
find movies directed by eddie murphy,movie.directed_by
what are all of the movies acted in by the actor christian bale,movie.starring.actor
what is the name of the person who made et,movie.directed_by
show movies charlie sheen,movie.starring.actor
who produced the movie,movie.produced_by
what movies did kevin costner direct,movie.directed_by
give me the name of the country for the movie thoda pyaar thoda magic,movie.country
i would like to watch an alfred hitchcock movie,movie.directed_by
what movies did harry weinstein produce,movie.produced_by
i want to see movies produced by warner bros,movie.production_companies
angelina jolie movies,movie.starring.actor
show information for the movie house at the end of the street,none
list all steven spielberg movies,movie.directed_by
give me a list of some indian movies,movie.country movie.language
can you tell me what genre the movie avatar falls in,movie.genre
display movies in german,movie.language
find french movies,movie.country movie.language
what audience will watch black swan,movie.rating
what type of audience can watch cars,movie.rating
i want to look up alfred hitchcock movies,movie.directed_by
release date for the hunger games,movie.initial_release_date
list me the actors for top gun,movie.starring.actor
look for cher movies,movie.starring.actor
movies about bank robberies,movie.subjects
how many movies has tom hanks starred in,movie.starring.actor
when did theaters show resident evil,movie.initial_release_date
who produced godfather,movie.produced_by
show me a list of disney movies,movie.production_companies
when was hum tum relesed,movie.initial_release_date
are there any movies in greek,movie.language
i would like to get names of some movies with pg thirteen rating,movie.rating
find movies with tom cruise,movie.starring.actor
look up info about jurassic park's director,movie.directed_by
videos of steven spielberg,movie.directed_by
find movies produced by george lucas,movie.produced_by
show me a list of movies in english,movie.language
what is the genre for the patriot,movie.genre
show me details about the directors of gone with the wind,movie.directed_by
movies from russia,movie.country
italian movies,movie.country movie.language
who was the lead man in taxi driver,movie.starring.actor
how many films has ed harris starred in,movie.starring.actor
did the avatar movie have a budget for spending,movie.estimated_budget
show me r movies,movie.rating
give me a list of r rated movies,movie.rating
get info on lionsgate,none
what other movies has will smith directed,movie.directed_by
i need a movie producer list,none
i want more information on richard lester,none
how many movies has tom cruise starred in,movie.starring.actor
how many movies has steven spielberg directed,movie.directed_by
find french language movies,movie.language
what is tom cruise's birthday,person.date_of_birth
i want to see a list of movies that were made in france,movie.country
look up finding nemo,none
movie actors,none
show details of the original finding nemo,none
have any new movies by twentieth century fox,movie.production_companies movie.initial_release_date
search for movies about ice skating,movie.subjects
show me the latest movies in kannada,movie.language
search for movies with a pg rating,movie.rating
i want to see movies that are rated pg,movie.rating
i want to find pg-13 rated movies,movie.rating
how much was hunger games made for,movie.estimated_budget
show me spielberg's info,none
can you find some drama movies,movie.genre
how can i view dirty dancing,none
what was the revenue for toy story 3,movie.gross_revenue
find movies directed by oliver stone,movie.directed_by
when is iron man 3 coming out,movie.initial_release_date
i want to look for movies with an r rating,movie.rating
i want to see a movie which was directed by scorsese,movie.directed_by
find movies that are rated pg-13,movie.rating
show me italian movies,movie.country movie.language
when can i see top gun,movie.initial_release_date
show a list of recent releases that are rated pg,movie.rating movie.initial_release_date
what year did moon over parador come out,movie.initial_release_date
who was the lead actor in hitch,movie.starring.actor
list the budget for avatar,movie.estimated_budget
show bette midler movies,movie.starring.actor
what movie brad pitt in,movie.starring.actor
find me info on emma watson,none
what is the campaign about,none
how much money was budgeted for the avatar movie,movie.estimated_budget
how much did the studio spend to make avatar,movie.estimated_budget
will you please show me info on the movie dirty dancing,none
how much money did pretty woman take in,movie.gross_revenue
details about life is beautiful please,none
list all movies rated pg-13,movie.rating
movie made in mandarin,movie.language
when was the first hunger games shown,movie.initial_release_date
what is the plot of vulgaria,none
i want to see infomation on the movie dirty dancing,none
who is the producer of the godfather,movie.produced_by
i need details steven spielberg now,none
show me a list of movies that are new and rated pg-13,movie.rating movie.initial_release_date
i need to get a list of some romantic indian movies,movie.country movie.language movie.genre
list tom hanks movies for me,movie.starring.actor
what movies has angelina jolie been in,movie.starring.actor
look at paramount,none
what other movies did tom hanks star in,movie.starring.actor
want to see charles vidor,none
who is the director of return,movie.directed_by
what movies have albert ruddy produced,movie.produced_by
i would like to get detailed information about the movie in july,none
find movies with g rating,movie.rating
gone with the wind's budget,movie.estimated_budget
give me anything directed by robert wise,movie.directed_by
find me stats about steven spielberg,none
i would like to know names of some indian movies,movie.country movie.language
please show me who produces madagascar,movie.produced_by
movies by alfred hitchcock,movie.directed_by
i only want movies by sidney lumit,movie.directed_by
who directed the music in gone with the wind,movie.music
can you show me a movie with brad pitt,movie.starring.actor
show back to the future movies,none
show me brad pitt movies,movie.starring.actor
show me the dirty dancing movie,none
what was the dark night budget,movie.estimated_budget
show me movies that are rated r,movie.rating
learn more about kristen stewart,none
list statham's movies,movie.starring.actor
i would love to see some movies produced by the wb,movie.production_companies
how much did batman begins cost,movie.estimated_budget
what movies has jack black been in,movie.starring.actor
show finding nemo,none
can you tell me whats the rating of movie avatar,movie.rating
list movies directed by clint eastwood,movie.directed_by
run a search for the campaign,none
old man director,movie.directed_by
i want to look for movies produced by morgan freeman,movie.produced_by
what is the classification of movie,movie.genre
what is the rating for dark knight,movie.rating
what are some recent released pg movies,movie.rating movie.initial_release_date
show me westerns,movie.genre
how much was the total budget for the titanic,movie.estimated_budget
cast hitch,movie.starring.actor
information for vivian lee,none
kareena's movies,movie.starring.actor
karate kid release date,movie.initial_release_date
list movies rated pg,movie.rating
what other movies has bill paxton starred in,movie.starring.actor
will ferrell's biography,none
show movies with angelina jolie,movie.starring.actor
show me some war themed movies,movie.subjects
get films made in canada,movie.country
movies with angelina jolie,movie.starring.actor
i d like to know the genre of the film grease,movie.genre
tell me about movie,none
life is beautiful,none
how is a good man in africa's rating,movie.rating
are there any g movies out there right now,movie.rating
what is the buget of movie heroine,movie.estimated_budget
movies tom cruise produced,movie.produced_by
search for movies produced by albert ruddy,movie.produced_by
get john cusack movies for me,movie.starring.actor
give me a list of directors,none
list ice skating movies please,movie.subjects
who was in the movie captain america,movie.starring.actor
list some sci fi movies,movie.genre
list all robert wise movies,movie.directed_by
show movies directed by,movie.directed_by
rocky director's name,movie.directed_by
list cast hitch,movie.starring.actor
what genre is network in,movie.genre
i want information about life is beautiful,none
who acted in black swan,movie.starring.actor
i want to see spielberg's page,none
what genre is the jaws movies,movie.genre
r - rated,movie.rating
director of twilight,movie.directed_by
quentin tarrantino movies,movie.directed_by
find name of director of the movie platoon,movie.directed_by
list the hindi movies,movie.language
find the male actor from dirty harry,movie.starring.actor actor.gender
show me information on movie,none
give me some good pg moives,movie.rating
show all movies by paramount,movie.production_companies
watch movies in german language,movie.language
spanish movie listing,movie.country movie.language
who made hitch,movie.directed_by
show me movies in french,movie.language
who directed the sound of music,movie.directed_by
rating for the green hornet,movie.rating
more stuff about the movie go,none
who is the person that directed the film the dark knight,movie.directed_by
about the campaign,none
russell crowe movies,movie.starring.actor
bette midler movies please,movie.starring.actor
in which date varsham movie released,movie.initial_release_date
please find the movies by steven spielberg,movie.directed_by
about finding nemo,none
lionsgate films,movie.production_companies
i'm looking for a jason cortlund movie,movie.directed_by
i would like to know names of some of the japanese movies,movie.country movie.language
i need to know the rating of the movie avatar,movie.rating
what restrictions does the campaign film have for viewers,movie.rating
rating g,movie.rating
rocky 2 actor,movie.starring.actor
bring up all director movies,movie.directed_by
show rating of movie avengers,movie.rating
steven spielberg pictures,movie.directed_by
find ms. congeniality,none
list cast and crew in july,movie.starring.actor
run a search for star wars four,none
how many movies has ray stark produced,movie.produced_by
who filmed the dark knight,movie.directed_by
i want to know about clint eastwood,none
was kevin james in hitch,movie.starring.actor
show all movies directed by martin scorcese,movie.directed_by
show me horror movies,movie.genre
budget for the avengers,movie.estimated_budget
watch century fox movies,movie.production_companies
please find a movie in mandarin,movie.language
budget of heroine,movie.estimated_budget
find the male actor from the movie born free,movie.starring.actor actor.gender
show me movies from england,movie.country
search when the birds will be released,movie.initial_release_date
look for information about lionsgate,none
i need movies with a pg rating,movie.rating
information for sally field,none
show me more details for the movie dirty dancing,none
find me romantic movies,movie.genre
who stars in forager,movie.starring.actor
what foreign language is spoken in movie,movie.language
show me the bio for the director steven spielberg,none
give me movies directed by tyler perry,movie.directed_by
clint eastwood movies,movie.starring.actor
show me a list of movies produced by mgm,movie.production_companies
what language is movie in,movie.language
i want to look up spanish movies,movie.country movie.language
how many films directed by barbra streisand have been shot in the czech republic,movie.locations movie.directed_by
who was the director in men in black 3,movie.directed_by
what country does mirror come from,movie.country
display production company lionsgate,none
show me a list of movies with r rating,movie.rating
what movies has jerry bruckheimer produced,movie.produced_by
find indian movies,movie.country movie.language
do you know when this movie is available,movie.initial_release_date
show jason statham movies,movie.starring.actor
i need to know when was the movie avatar released,movie.initial_release_date
star of troy,movie.starring.actor
what are a list of movies with an r rating,movie.rating
meryl streep movies,movie.starring.actor
show films by steven spielberg,movie.directed_by
who was the lead woman in the savages,movie.starring.actor actor.gender
type of movie,movie.genre
find martin scorsese films,movie.directed_by
can i have a list of movie production companies,none
what kind of movie is grease,movie.genre
when was life is beautiful released,movie.initial_release_date
how old for black swan,movie.rating
what are the names of female actors who played in lost,movie.starring.actor actor.gender
what movies has christian bale appeared in,movie.starring.actor
are there any movies with ice skating,movie.subjects
i would like to see finding nemo's page,none
twilight revenue,movie.gross_revenue
movie made where,movie.country
can you give me detailed information about the movie house at the end of the street,none
can you show me spanish movies,movie.country movie.language
look for the producer of heroine,movie.produced_by
company that produced thor,movie.production_companies
who directed the movie,movie.directed_by
i would like to search for movies directed by stephen spielberg,movie.directed_by
in which month varsham movie released,movie.initial_release_date
movies from italy,movie.country
what movies has alfred hitchcock directed,movie.directed_by
show me where black swan is from,movie.country
name the producer of the godfather,movie.produced_by
find movies about dancing,movie.subjects
list gilda director,movie.directed_by
what was the budget of my big fat greek wedding,movie.estimated_budget
how would you describe the movie,movie.genre
pg movies,movie.rating
show me korean movies,movie.country movie.language
search for the producer of step up,movie.produced_by
who was the director of the movie avatar,movie.directed_by
i need to know in detail about the cast and crew of the movie apollo thirteen,movie.starring.actor
movies patrick swayze played in,movie.starring.actor
who is director of sleepless in seattle,movie.directed_by
when did resident evil debut in theaters,movie.initial_release_date
when can i see the great gatsby,movie.initial_release_date
rating for resident evil,movie.rating
I'd like to know some spanish movies,movie.country movie.language
which current movies are rated pg,movie.rating movie.initial_release_date
actor from iron man,movie.starring.actor
star of twilight,movie.starring.actor
movies of karan johar,movie.directed_by
find the director of step up,movie.directed_by
list all brad pitt's movies,movie.starring.actor
who was the male star of titanic,movie.starring.actor actor.gender
movie results for back to the future,none
release twilight,movie.initial_release_date
how many movies did victor fleming direct,movie.directed_by
martin lawrence directed what movie,movie.directed_by
give me a list of movies from spain,movie.country
who is childs vidor,none
find the female actress from the movie she's the man,movie.starring.actor actor.gender
i am looking for movies that are rated pg for family movie night,movie.rating
find steven spielberg movies,movie.directed_by
i want to watch a german movie,movie.country movie.language
display the films by 7 arts,movie.production_companies
search for movies in french,movie.language
all the movies by kareena,movie.starring.actor
i want to look for the director of freedom writers,movie.directed_by
show who produced black swan,movie.produced_by
i need to know the release date of the movie barfi,movie.initial_release_date
i would like to see a movie with albert brooks in it,movie.starring.actor
list movies filmed in ireland,movie.country movie.locations
show me pg movies,movie.rating
who does ellen degeneres play in finding nemo,movie.starring.actor movie.starring.character
show me apollo thirteen,none
country of weekend,movie.country
can i see who produced possesion,movie.produced_by
who was the director of the film finding nemo,movie.directed_by
who starred in go,movie.starring.actor
what was woody allen's last movie,movie.directed_by movie.initial_release_date
how many movies has charles vidor directed,movie.directed_by
what is possessed realese date,movie.initial_release_date
what language was aguirre wrath of god in,movie.language
dirty dancing facts,none
who were the cast members in the hobbist,movie.starring.actor
what are the plots of hotel rwanda,none
watch pg and g movies,movie.rating
who directed the movie the dark knight,movie.directed_by
how old should a person be to watch marley and me,movie.rating
japanese movies,movie.country movie.language
avatar was directed by whom,movie.directed_by
was life is beautiful made in italy,movie.country
search movies by noah baumbach,movie.directed_by
movie ratings,movie.rating
list all of the movies directed by james cameron,movie.directed_by
please make a list of movies that have been made in spanish,movie.language
look for movies produced by morgan freeman,movie.produced_by
do you have a list of japanese movies,movie.country movie.language
i want to see zombie movies that are scary,movie.genre movie.subjects
i want to watch movies directed by jackie chan,movie.directed_by
look up movies from india,movie.country
how much was the budget for the hunger games,movie.estimated_budget
who directed the movie titanic,movie.directed_by
movies by producer,movie.produced_by
show me high grossing movies,movie.gross_revenue gr.amount
find me tamil movies,movie.language
show me the rating for the movie,movie.rating
find movies with sandra bullock,movie.starring.actor
show lionsgate,none
funny scary movies,movie.genre
finding the buget of heroine,movie.estimated_budget
find all rated pg-13 movies with eddie murphy,movie.rating movie.starring.actor
give me swedish films,movie.country movie.language
how many movies has albert ruddy produced,movie.produced_by
show all brad pitt movies,movie.starring.actor
sound of music robert wise,movie.directed_by
what movies is will ferrell in,movie.starring.actor
find me a movie with zombies,movie.subjects
find the producer of the godfather,movie.produced_by
search the campaign movie,none
list scifi,movie.genre
what company produced secretariat,movie.production_companies
what company produced jurassic park,movie.production_companies
when was expendables 2 released,movie.initial_release_date
can you please list all movies with brad pitt,movie.starring.actor
can i have a list of bruce lee produced movies,movie.produced_by
who is in movie,movie.starring.actor
how old is kristen stewart,person.date_of_birth
find information about robert wise,none
search cast and crew for dirty dancing,movie.starring.actor
what movies are in bengali,movie.language
movies from the uk,movie.country
who played robin in batman forever,movie.starring.actor movie.starring.character
what is the rating for dirty dancing,movie.rating
who is the actor will ferrell,none
lionsgate list,movie.production_companies
show credits for the godfather,movie.starring.actor
show me detailed information about the movie house at the end of the street,none
how many movies did richard lester direct,movie.directed_by
find movies of yash chopra,movie.directed_by
what was avatar's budget,movie.estimated_budget
find release date of the help,movie.initial_release_date
release date for finding nemo,movie.initial_release_date
show movies directed by oliver stone,movie.directed_by
show only horror movies,movie.genre
find me movies rated g,movie.rating
show me mystery movies,movie.genre
what country is godzilla,movie.country
find the budget of my big fat greek wedding,movie.estimated_budget
can i please see more details for the director of finding nemo,movie.directed_by
tell me the director of the film the dark knight,movie.directed_by
show only paramount movies,movie.production_companies
what is movie rated,movie.rating
steven spielberg movies,movie.directed_by
what is the rating of dirty dancing,movie.rating
what language is passion of the christ in,movie.language
what movies have christian bale played in,movie.starring.actor
look up movie the campaign,none
what was the budget for passion of the christ,movie.estimated_budget
when the movie top gun was released,movie.initial_release_date
can you show me info on the movie life is beautiful please,none
show me movies made in america,movie.country
where can i watch star wars four,none
when is the release date of resident evil: retribution,movie.initial_release_date
who produced steel magnolias,movie.produced_by
find movies about love,movie.subjects
what was top gun's budget,movie.estimated_budget
titanic release date,movie.initial_release_date
what language is spoken in indochine,movie.language
when was overboard released,movie.initial_release_date
taye diggs films,movie.starring.actor
who produced possesion,movie.produced_by
show me the movies produced by warner bros,movie.production_companies
find all chinese language movies,movie.language
show me movies directed by sergio leone,movie.directed_by
spielberg movies,movie.directed_by
hitch crew,movie.starring.actor
find movies from india,movie.country
spanish language movies,movie.language
show me a list of all the movies produced by william packer,movie.produced_by
voice actor for homer simpson,movie.starring.actor movie.starring.character
where was the movie mirror produced,movie.country
what company produced days of thunder,movie.production_companies
who directed the movie gilda,movie.directed_by
what movies made the most money,movie.gross_revenue gr.amount
what were the gross receipts for the avengers,movie.gross_revenue
origin of spanglish,movie.country
who played dory on finding nemo,movie.starring.actor movie.starring.character
what country is movie from,movie.country
what did tom hanks produces,movie.produced_by
who is chewbakka,movie.starring.actor movie.starring.character
what country does the movie kati patang comes from,movie.country
can you find out who directed the movie batman,movie.directed_by
what genre is the movie,movie.genre
show me what was the budget of the movie avatar,movie.estimated_budget
who made the movie avatar,movie.directed_by
i need to see all pg movies,movie.rating
who was mirror s producer,movie.produced_by
how much did it cost to produce the deer hunter,movie.estimated_budget
current movies rated g,movie.rating movie.initial_release_date
i need to know where trainspotting comes from,movie.country
goto lionsgate,none
i want to know about spielberg,none
search for the name of the director of return,movie.directed_by
show me elvis movies,movie.starring.actor
get me star wars episode four details,none
apollo thirteen cast members,movie.starring.actor
what country was kinky boots made in,movie.country
find movies produced in russia,movie.country
french movies,movie.country movie.language
a showing of movies that are in spanish,movie.language
find movies directed by tom hanks,movie.directed_by
what age is marley and me appropriate,movie.rating
movie by dreamworks,movie.production_companies
who are the main voices in finding nemo,movie.starring.actor
list movies about war,movie.subjects
search directors,none
is there a movie about the zombie apocolypse,movie.subjects
what genre is step up in,movie.genre
show movies of zombies,movie.subjects
looking for a comedy movie,movie.genre
i cannot remember the name of the actor in pretty women,movie.starring.actor
kindly show me the rating for cabin in the woods,movie.rating
what was the budget of the movie avatar,movie.estimated_budget
only mel gibson movies,movie.starring.actor
was kevin bacon in apollo thirteen,movie.starring.actor
who was in the movie hitch,movie.starring.actor
i want to watch a movie by sergio leone,movie.directed_by
who produced et,movie.produced_by
who directed the movie cabin in the woods,movie.directed_by
please show me info on the movie life is beautiful,none
find movies with tom cruise in them,movie.starring.actor
who were the crew for the campaign,movie.starring.actor
i need to know the names of all the movies produced by william packer,movie.produced_by
cast and crew of the campaign,movie.starring.actor
what country does les miserable come from,movie.country
movies from germany,movie.country
find movies about vietnam,movie.subjects
what company produced the movie field of dreams,movie.production_companies
what type of movie is gilda,movie.genre
get me info on star wars episode four,none
how many movies did scorsese direct,movie.directed_by
warner brothers bio,none
what was the gross profit for twilight,movie.gross_revenue
show me names of some romantic movies having a pg thirteen rating,movie.rating movie.genre
what is the rating for the avenger movie,movie.rating
search for the director of step up,movie.directed_by
what are some movies made outside the us,movie.country
show me thrillers,movie.genre
can you tell me names of some movies by director martin scorsese,movie.directed_by
i would like to see something produced by robert redford,movie.produced_by
i want to see movies starring denzel washington,movie.starring.actor
please look up movies produced by albert ruddy,movie.produced_by
how much did hollywood pay for black swan,movie.estimated_budget
show me the cast of finding nemo,movie.starring.actor
please find the release date of heroine,movie.initial_release_date
director for gone with the wind,movie.directed_by
exhibit all relevant information about the director steven spielberg,none
german movie info,movie.country movie.language
what is the genre of the movie lawless,movie.genre
i want to know when 24 will be released,movie.initial_release_date
show me who played what role in go,movie.starring.actor movie.starring.character
do you have in movies in german,movie.language
i need to know the movie avatar's producer name,movie.produced_by
what movies were produced by brad pitt,movie.produced_by
show me movies about zombies,movie.subjects
i want to find a list of movies made in japan,movie.country
who directed star wars four,movie.directed_by
i am looking for the information on the movie pretty women,none
which country is this movie from,movie.country
what is the history behind paramount,none
show me pg thirteen movies,movie.rating
who directed hard days night,movie.directed_by
when will the great gatsby be released,movie.initial_release_date
i would like to find movies starring the singer mario,movie.starring.actor
list movie ratings for us movie looper,movie.country movie.rating
movie rating,movie.rating
what production company produced the movie avatar,movie.production_companies
search for the rating of the movie dredd,movie.rating
what country did the flowers of war come from,movie.country
what are the different languages this movie come in,movie.language
brian de palma movies,movie.directed_by
r rated movies,movie.rating
what director shot the 1st lord of the rings film,movie.directed_by
locate all movies produced by george lucas,movie.produced_by
can you tell me which country the movie kati patang comes from,movie.country
cast and crew for the movie house at the end of the street,movie.starring.actor
list french language comedy films,movie.language movie.genre
look for will ferrell,none
i'd like to watch something with drama,movie.genre
list all movies produced by alfred ruddy,movie.produced_by
what has will ferrell done,movie.starring.actor
name the director of sleepless in seattle,movie.directed_by
when was while you were sleeping released,movie.initial_release_date
dirty dancing movie,none
which female actors starred in hitch,movie.starring.actor actor.gender
show me hathaway's recent movies,movie.starring.actor movie.initial_release_date
when did vulgaria come out,movie.initial_release_date
who directed jurassic park,movie.directed_by
see comedy,movie.genre
what are all the movies to come out of france,movie.country
who was the producer for the amazing spiderman,movie.produced_by
what genre is the hangover,movie.genre
show me movie gilda by charles vidor,movie.directed_by
pretty girl movie genre,movie.genre
films produced by twentieth century fox,movie.production_companies
movies with vampires,movie.subjects
who was the director of the movie the mechanic,movie.directed_by
name all of the movies john singleton has directed,movie.directed_by
show me will smith movies,movie.starring.actor
search movies made by mel gibson,movie.directed_by
search for the movie life is beautiful,none
can you show me movies about war,movie.subjects
did alfred hitchcock direct a comedy,movie.directed_by movie.genre
director for anne of green gables,movie.directed_by
who directed the musical score in barfi,movie.music
who directed cast away,movie.directed_by
release date for the vow,movie.initial_release_date
tell me about michelle pfiefer,none
list some movies directed by steven spielberg,movie.directed_by
what movies did spike lee direct,movie.directed_by
in which movies has angelina jolie starred,movie.starring.actor
look up alfred hitchcock movies,movie.directed_by
show me pixar films,movie.production_companies
tell me what genre the tommyknockers is,movie.genre
when was avengers released,movie.initial_release_date
who was the co-star in shoot to kill,movie.starring.actor
look up the producer of freedom writers,movie.produced_by
get me the think like a man movie producer,movie.produced_by
where was trainspotting made,movie.country
what movies did tom hanks direct that he also starred in,movie.starring.actor movie.directed_by
search for foreign movies,movie.country
how much did it take to make the avengers,movie.estimated_budget
when will iron man 3 be out in movie theatres,movie.initial_release_date
can you please open page about in july movie,none
there are several g movies,movie.rating
get me a list of movies that ron howard produce,movie.produced_by
what language can i watch the movie the professional,movie.language
detail finding nemo,none
was robert wise the only director of the sound of music,movie.directed_by
show me only french foreign films,movie.country movie.language
cast of dirty dancing,movie.starring.actor
can you give me a list of movies produced by bruce lee,movie.produced_by
look for films with halle berry,movie.starring.actor
producer of heroine,movie.produced_by
show me movies listed by directors,movie.directed_by
i want to see info about star wars four,none
in the movie ants who is the producer,movie.produced_by
who played in life is beautiful,movie.starring.actor
show me all movies that star ed harris,movie.starring.actor
when will jaws be released,movie.initial_release_date
movies made in spain,movie.country
get me the name of who directed the master,movie.directed_by
when was paranorman be released,movie.initial_release_date
list all of the movies that have been directed by robert wise,movie.directed_by
find the movie hum tum,none
i need to see a list of pg movies,movie.rating
i would like to get all the information about the the campaign,none
please tell me about movies from the usa,movie.country
when will the hobbit be released,movie.initial_release_date
who directed hope floats,movie.directed_by
columbia production company movies,movie.production_companies
what year did spielberg start directing movies,movie.directed_by movie.initial_release_date
kristen stewart top movies,movie.starring.actor
find me nc-17 movies,movie.rating
finding nemo,none
find me a list of movies directed by james cameron,movie.directed_by
what other movies has richard lester directed,movie.directed_by
who was in black swan,movie.starring.actor
who is the director of batman,movie.directed_by
search for will ferrell,none
when was the movie title little women released,movie.initial_release_date
who produce the avatar,movie.produced_by
who acts in forager,movie.starring.actor
find out the budget of cujo,movie.estimated_budget
what date did vulgaria open,movie.initial_release_date
find pg thirteen movies,movie.rating
i want to see a polish movie,movie.country movie.language
pg movies list please,movie.rating
who is the producer for hitch,movie.produced_by
generate a list of movies about ice skating,movie.subjects
search mgm studios,none
find action movies,movie.genre
who directed finding nemo,movie.directed_by
find movies by ron howard,movie.directed_by
cast and crew of movie the campaign,movie.starring.actor
search for warner brothers movies,movie.production_companies
give me the release date for the little mermaid,movie.initial_release_date
twilight was directed by whom,movie.directed_by
what did lee unkrich direct,movie.directed_by
what was the budget for avatar,movie.estimated_budget
what's the latest on brad pitt,movie.starring.actor movie.initial_release_date
i would like look up the genre step up is in,movie.genre
what were the names of the ladies in facts of life,movie.starring.actor actor.gender
revenue for titanic,movie.gross_revenue
find movies produced by spike lee,movie.produced_by
i want to watch a korean movie,movie.country movie.language
what is the rating of movie,movie.rating
what company produced sparkle,movie.production_companies
give me a list of woody allen films,movie.directed_by
please give me a dutch movie listing,movie.country movie.language
display information for film finding nemo,none
budget for the hulk,movie.estimated_budget
korean movie,movie.country movie.language
who is the producer for the movie ants,movie.produced_by
zombies,movie.subjects
how many woody allen movies starred diane keaton,movie.starring.actor movie.directed_by
who was the female lead in resident evil,movie.starring.actor actor.gender
how many movies has woody allen directed,movie.directed_by
look up movies in chinese,movie.language
i want japanese movies,movie.country movie.language
find movies about ice skating,movie.subjects
show me the information for steven spielberg,none
display movies of zombies,movie.subjects
when was black beauty released,movie.initial_release_date
origin of gone with the wind,movie.country
what language is the movie elling in,movie.language
find the rating of the movie step up,movie.rating
what are movies whose topic involves time travel,movie.subjects
show movie ratings for us movie looper,movie.country movie.rating
i'd like to see foreign films,movie.country
who was the producer for the movie hitch,movie.produced_by
what movies has jj abrams procuced,movie.produced_by
show all details about star wars-a new hope movie,none
what are all of the movies directed by robert wise,movie.directed_by
can i see what the lion king's revenue was,movie.gross_revenue
which movies have zombies in them,movie.subjects
who plays luke on star wars new hope,movie.starring.actor movie.starring.character
how much did the dark night generate,movie.gross_revenue
who directed black swan,movie.directed_by
what movies have people speaking japanese in them,movie.language
show spielberg movies,movie.directed_by
show me the movies acted by bala krishna,movie.starring.actor
find the release date for heroine,movie.initial_release_date
when will the movie frankenstein be released,movie.initial_release_date
show me the film rating for avengers,movie.rating
show me movies from poland,movie.country
movies in chinese,movie.language
who produces steel magnolias,movie.produced_by
show me the movie now forager,none
profits made by titanic,movie.gross_revenue
i want to look for information about paramount studios,none
show videos about time travel,movie.subjects
show me house at the end of the street,none
what was the cast of black swan,movie.starring.actor
when does top gun come out,movie.initial_release_date
what was titanic's budget,movie.estimated_budget
will you show me a list of recent movies rated pg,movie.rating movie.initial_release_date
show me back to the future movies,none
what is the mpaa rating for movie,movie.rating
find movies produced by paramount pictures,movie.production_companies
director for pride and prejudice,movie.directed_by
search movies in which halle berry acted,movie.starring.actor
gilda director,movie.directed_by
show me the movies that spielberg made,movie.directed_by
frankenstein release date,movie.initial_release_date
show tom hanks,none
producer,none
get details of original finding nemo movie,movie.initial_release_date
show cast of movie request,movie.starring.actor
movies with r rating,movie.rating
list movies in french,movie.language
the movie gilda director,movie.directed_by
show me cher movies,movie.starring.actor
need to provide more info about the movie content,movie.subjects
i want scary zombie movies,movie.genre movie.subjects
search for movies that were produced by mosfilm,movie.production_companies
zombie movie favorites,movie.subjects
find all films showing in french,movie.language
what experience does darla anderson have as a producer,movie.produced_by
show me the movies produced by reliance,movie.production_companies
show my spielberg info,none
korean language movie,movie.language
list some of the best world war 2 films,movie.subjects
what was the first movie steven spielberg directed,movie.directed_by movie.initial_release_date
please show me all of the films that involve kevin bacon,movie.starring.actor
find me info on house at the end of the street,none
can you show me a korean movie,movie.country movie.language
all about finding nemo,none
what movie category is friday the 13th,movie.genre
what were production costs for black swan,movie.estimated_budget
do you know when 24 will be released,movie.initial_release_date
rating for the avengers,movie.rating
show all movies directed by ron howard,movie.directed_by
i want to find information about the cast of apollo thirteen,movie.starring.actor
find movies that are rated g,movie.rating
karan johar's movies,movie.directed_by
search director for gilda,movie.directed_by
who is andrew stanton,none
pixar film studio,none
i need to know who produced the movie avatar,movie.produced_by
who made batman the dark knight,movie.directed_by
films by mel gibson,movie.directed_by
find movies starring halle berry,movie.starring.actor
can i see all movies starring alan rickman,movie.starring.actor
i need to know the budget of the movie avatar,movie.estimated_budget
what genre is rambo,movie.genre
i want to see paramount movies,movie.production_companies
what are the titles of all the movies that george lucas produced,movie.produced_by
display all information on will ferrell,none
movies with sandra bullock,movie.starring.actor
biography for will ferrell,none
search for movies starring the singer mario,movie.starring.actor
get german language films,movie.language
when will the next amazing spiderman come out,movie.initial_release_date
show information for the movie title in july with moritz bleibtreu,movie.starring.actor
i want to see chinese movies,movie.country movie.language
which director made a comedy,movie.directed_by movie.genre
show me all movies for angelina jolie,movie.starring.actor
finding nemo details please,none
tell me the budget for the movie batman,movie.estimated_budget
run a search for life is beautiful,none
look for what country cell 21 is from,movie.country
what are some universal pictures films,movie.production_companies
what did spielberg direct,movie.directed_by
show me movies with alan rickman,movie.starring.actor
how much revenue did the avengers take it,movie.gross_revenue
will ferell videos,movie.starring.actor
what day avatar released,movie.initial_release_date
the producers for the movie ants,movie.produced_by
list french movies,movie.country movie.language
i would like to know the rating for cabin in the woods,movie.rating
show me hitch's cast,movie.starring.actor
release date for little women,movie.initial_release_date
bring up all diving movies,movie.subjects
what movies did clint eastwood direct,movie.directed_by
show me information for the movie dirty dancing,none
list steven spielberg produced movies,movie.produced_by
release date for toy story,movie.initial_release_date
frankenstein release,movie.initial_release_date
who was the director of movie varsham,movie.directed_by
when was lawless released,movie.initial_release_date
find movie info kristenn stewart,movie.starring.actor
play movies from turkey,movie.country
show me the movie vulgaria,none
robert wise life,none
release date for batman,movie.initial_release_date
i need page on life is beautiful,none
i want to know the avatar's budget,movie.estimated_budget
list movies rated g,movie.rating
about life is beautiful,none
what is the rating for the movie ants,movie.rating
movies with italian language,movie.language
show me movies in german,movie.language
movies frances ford copolla,movie.directed_by
production company for spiderman,movie.production_companies
please tell me if you have any movies from the united states,movie.country
i would like a list of paramount movies,movie.production_companies
find the director for et,movie.directed_by
show me a list of any movies made in canada,movie.country
show me spanish movies,movie.country movie.language
what movie made the least money,movie.gross_revenue gr.amount
company that produced twilight,movie.production_companies
when was the amazing spiderman released in the movie theatres,movie.initial_release_date
i want to see will ferrell details,none
list of 20 th century fox films,movie.production_companies
i need to get every possible information related with the movie dirty dancing,none
movies from the us,movie.country
what country produced the movie mirror,movie.country
movies in spanish,movie.language
i would like to know the genre of grease,movie.genre
i want to look up movies about dancing,movie.subjects
i want to see a list of scary movies,movie.genre
sort by all brad pitt movies,movie.starring.actor movie.directed_by
i want to watch a comedy made in norway,movie.country movie.genre
info german movie,movie.country movie.language
i want to watch a comedy made in hungary,movie.country movie.genre
who is the director of ghost busters,movie.directed_by
can i see the lion king's revenue,movie.gross_revenue
give me a list of movies made in france,movie.country
gross earnings for avengers movie,movie.gross_revenue
who starred in the campaign,movie.starring.actor
can i see the credits for dirty dancing,movie.starring.actor
find me movies with hugh jackman,movie.starring.actor
name of director for house at the end of the street,movie.directed_by
in what country was movie made,movie.country
who directed the perfect storm,movie.directed_by
find canadian films,movie.country
i am looking for the actor that played in pretty women,movie.starring.actor
find a pg rated movie,movie.rating
what are the films that warner bros. produced,movie.production_companies
what is the origin of casa blanca,movie.country
what country did shindler's list come from,movie.country
search for films produced in russia,movie.country
i want to know when step up was released,movie.initial_release_date
i would like to get some information about the movie star wars:episode four -a new hope,none
look for movies directed by tyler perry,movie.directed_by
can you show me a list of all the movies directed by james cameron,movie.directed_by
what has tom cruise acted in lately,movie.starring.actor movie.initial_release_date
i want to know who directed finding nemo,movie.directed_by
find me dreamworks films,movie.production_companies
show me the latest movies in tamil,movie.language
who starred in dirty dancing,movie.starring.actor
language of bullhead,movie.language
i want to see a list about zombie horror films,movie.genre movie.subjects
can you find the producer of heroine,movie.produced_by
mandarin movie please,movie.language
find any movies about horses,movie.subjects
search for information about charles vidor,none
what type of movie is parenthood,movie.genre
who directed to kill a mockingbird,movie.directed_by
i need information about the cast reviews story etc in detail about the movie house at the end of the street,none
search for movies in spanish,movie.language
when was the movie vulgaria released,movie.initial_release_date
i would like to know the names of all the movies which have been directed by james cameron,movie.directed_by
i need information on sean connery,none
looking for a horror movie,movie.genre
what movies came from japan,movie.country
please provide the name of the company that produced sparkle,movie.production_companies
find the new will ferrell movie,movie.starring.actor movie.initial_release_date
search for russian movies,movie.country movie.language
finding nemo movie page,none
who produced the movie twilight,movie.produced_by
what's the cast for life is beautiful,movie.starring.actor
display information for the movie in july,none
find cast and crew for dirty dancing,movie.starring.actor
what is the name of the lead actor in the titanic,movie.starring.actor
i would like to find the producers of the lion king,movie.produced_by
find movies in british english,movie.language
director of the avengers,movie.directed_by
can you get me a pg movie list,movie.rating
may i have the date of release for this movie,movie.initial_release_date
what are some films will ferrell starred in,movie.starring.actor
show me short films,movie.genre
when was the movie heroine released,movie.initial_release_date
bring up spanish movies,movie.country movie.language
show me the rating for cabin in the woods,movie.rating
get me info on the budget for avatar,movie.estimated_budget
show me hitchcock movies,movie.directed_by
can i see the set list and cast for life is beautiful,movie.starring.actor
how many films did robert wise direct,movie.directed_by
films with japaneese,movie.language
i would like to find movies produced by morgan freeman,movie.produced_by
what rating is superman,movie.rating
find the director for finding nemo,movie.directed_by
look for wes anderson films,movie.directed_by
recent movies by steven spielberg,movie.directed_by movie.initial_release_date
see miramax movies,movie.production_companies
show me movies with pg rating,movie.rating
what year was dirty dancing released,movie.initial_release_date
what is the name of the company that produced the movie ants,movie.production_companies
movies from spain,movie.country
who produced the godfather movies,movie.produced_by
look for information about tom cruise,none
show me the director of the film the dark knight,movie.directed_by
is the movie life is beautiful ok for my six year old to watch,movie.rating
movies from england,movie.country
get me canadian movies,movie.country
complete list of movies made by searchlight films,movie.production_companies
i would like more information about lionsgate,none
please show a list of recent movies rated pg,movie.rating
give me details about the movie in july,none
actors for life is beautiful,movie.starring.actor
producer for the passion of the christ,movie.produced_by
when was top gun released,movie.initial_release_date
goto warner brothers,none
whats some details for the movie finding nemo,none
what kind of movie is black swan,movie.genre
dark knight revenue,movie.gross_revenue
i would like to view info on life is beautiful,none
which movie was produced by albert rudy,movie.produced_by
show me dramas from china,movie.country movie.genre
get films from the united kingdom,movie.country
i need to know what is the language of the movie hero,movie.language
tell me what movies tom hanks star in,movie.starring.actor
which movies are directed by tyler perry,movie.directed_by
show me finding nemo director,movie.directed_by
i wonder who produced the terminator,movie.produced_by
what genre is the movie pretty girl,movie.genre
who directed the movie men in black 3,movie.directed_by
who was the producer for coming to america,movie.produced_by
where can i find information on finding nemo,none
tell me when compliance came out,movie.initial_release_date
star wars four,none
will ferrell tidbits,none
when was herione released,movie.initial_release_date
what's the synopsis of life is beatiful,none
find me movies made by alfred hitchcock,movie.directed_by
goto will ferrell biography,none
can you tell me the language of the movie hero,movie.language
what is the release date for house at the end of the street,movie.initial_release_date
budget for gone with the wind,movie.estimated_budget
display director of the movie avengers,movie.directed_by
find italian movies,movie.country movie.language
please tell me when will the movie gone with the wind will be released,movie.initial_release_date
find movie finding nemo,none
i need movie information for life is beautiful,none
look for movies with brad pitt in them,movie.starring.actor
find romance movies,movie.genre
where was rocky four filmed,movie.country
looking for names of crew members of apollo thirteen,movie.starring.actor
who stars in hitch,movie.starring.actor
what movies has steven spielberg done,movie.directed_by
what date was spider released,movie.initial_release_date
who starred in the movie hitch,movie.starring.actor
when is sinister hitting theaters,movie.initial_release_date
will ferrell been in,movie.starring.actor
i would like to get a list of movie names in hindi language,movie.language
list spielberg movies,movie.directed_by
please find pg rated movies,movie.rating
give me movies in spanish,movie.language
can you show me a list of movies in spanish,movie.language
show me information on shelly long,none
find english movies,movie.language
show me all the information about the movie dirty dancing like story reviews cast etc,none
who produced avatar,movie.produced_by
show me the movies acted by chiranjeevi,movie.starring.actor
when was resident evil first in theatres,movie.initial_release_date
who produced hitch,movie.produced_by
i want to watch movies with brad pitt,movie.starring.actor
johnny depp movies,movie.starring.actor
i am looking for movies produced by clint eastwood,movie.produced_by
where can i find movies in russian,movie.language
producer for gone with the wind,movie.produced_by
movies starring tom cruise,movie.starring.actor
in what country was the movie mirror produced,movie.country
give me the best baseball movies,movie.subjects
who made et,movie.directed_by
alfred hitchcock,none
a list of all italian speaking movies,movie.language
i am looking for movies directed by tom hanks,movie.directed_by
what was the release date of the movie avatar,movie.initial_release_date
i want to see zombie movies,movie.subjects
show me new releases,movie.initial_release_date
can you tell me more about the producer ray stark,none
find movies produced by albert ruddy,movie.produced_by
i want to see videos of will ferrell,movie.starring.actor
find the director of hum tum,movie.directed_by
what recently released movies are rated r,movie.rating movie.initial_release_date
who plays in the movie the campaign,movie.starring.actor
rating for transylvania,movie.rating
search the movie in july,none
show me only movies with harrison ford,movie.starring.actor
what is the name of the company that produced sparkle,movie.produced_by
how much did it cost to produce the dark night,movie.estimated_budget
pg-13 movies,movie.rating
what movies have been made in the united states,movie.country
funny kids movies,movie.rating movie.genre
find the director andrew stanton,none
what movies has charles vidor directed,movie.directed_by
look for movies rated g,movie.rating
when life is beautiful was released,movie.initial_release_date
show me the page about house at the end of the street,none
tell me the rating of the film grease,movie.rating
find information on dirty dancing,none
when steven spielberg born,person.date_of_birth
can you show movies produced by clint eastwood,movie.produced_by
what are the top grossing movies,movie.gross_revenue gr.amount
find the movie dirty dancing,none
find movies about dogs,movie.subjects
show me the rating for the movie the expendables 2,movie.rating
find movies with pg ratings only,movie.rating
show me the name of the producer of the movie avatar,movie.produced_by
i would like to see french movies,movie.country movie.language
language of sound of music,movie.language
what genre is the movie looper,movie.genre
show me time travel movies,movie.subjects
show me all pg movies,movie.rating
find sandra bullock movies,movie.starring.actor
search twentieth century fox,movie.production_companies
what is a list of g movies,movie.rating
how many films did ed harris do with tom hanks,movie.starring.actor
what was the actor who played esme in twilight,movie.starring.actor movie.starring.character
rate r movies for adult enterainment,movie.rating
tell me what is the language of the movie hero,movie.language
when did dirty dancing come out,movie.initial_release_date
show me information on darla anderson,none
find spike lee directed movies,movie.directed_by
in july information,none
send me movies that are in chinese,movie.language
find a director,none
locate romantic movies for me,movie.genre
what movies has lionsgate done,movie.production_companies
please provide movies directed by oliver stone,movie.directed_by
give me a list of movies produced by george lucas,movie.produced_by
movies alfred hitchcock,movie.directed_by
what was the budget for old school,movie.estimated_budget
show me the directors of gone with the wind,movie.directed_by
find cast and crew for the movie finding nemo,movie.starring.actor
movie by steven spielberg,movie.directed_by
list of movies in spanish,movie.language
i want to look for movies about god,movie.subjects
show me movies produced by bruce lee,movie.produced_by
movies that have been directed by tony scott,movie.directed_by
who produced cabin in the woods,movie.produced_by
look up movies about dancing,movie.subjects
when will the great gatsby be out,movie.initial_release_date
i would like to get all the information about the movie dirty dancing,none
i want to find romantic movies,movie.genre
what is full name of star wars iv,none
company that produced iron man,movie.production_companies
the name of the male lead in the movie titanic,movie.starring.actor
who is hitchcock,none
show me movies that are about scary zombies,movie.subjects
when was the campaign released,movie.initial_release_date
find all details about star wars-a new hope movie,none
who directed the film avatar,movie.directed_by
can you tell me the director of the titanic,movie.directed_by
only movies rated g,movie.rating
who starred in dark knight rising,movie.starring.actor
get a list of movies with kristen stewart,movie.starring.actor
how much did et gross worldwide,movie.gross_revenue
which movies are from stephen spielberg,movie.directed_by
show me a list of movies made in america,movie.country
what movies do you have that were made in italy,movie.country
find me 20 th century fox films,movie.production_companies
movies with meg ryan,movie.starring.actor
what are some movies that involve time travel,movie.subjects
please search for movies about god,movie.subjects
can you give me the revenue of the movie titanic,movie.gross_revenue
show me england movies,movie.country
only show movies rated pg,movie.rating
show recent movies rated pg,movie.rating movie.initial_release_date
i would like to see house at the end of the street information,none
movies with harrison ford,movie.starring.actor
dawn of the dead movie information,none
movies about nature,movie.subjects
get hungarian films,movie.country movie.language
find out the genre for the movie rebel,movie.genre
what genre is the hunger games,movie.genre
find movies produced by steven spielberg,movie.produced_by
director of the movie hum tum,movie.directed_by
list hitchcock movies,movie.directed_by
who stars in finding nemo,movie.starring.actor
what actors were in dirty dancing,movie.starring.actor
what movies were directed by woody allen,movie.directed_by
budget for the blind side,movie.estimated_budget
when will 24 be released,movie.initial_release_date
what language is this film,movie.language
what is the reccommended audience for movie,movie.rating
who are the producers for the movie hitch,movie.produced_by
can you tell me the language of the movie aankhen,movie.language
release date for the watch,movie.initial_release_date
select the option to search for movies produced by stephen spielberg,movie.produced_by
life is beautiful movie page,none
find movies directed by james cameron,movie.directed_by
complete cast and crew of apollo thirteen,movie.starring.actor
company that produced the avengers,movie.production_companies
search for movies produced by morgan freeman,movie.produced_by
can you tell me more about the cast and crew of the movie apollo thirteen,movie.starring.actor
actors in house at the end of the street,movie.starring.actor
what was the production company for black swan,movie.production_companies
what is the movie genre,movie.genre
which language is used in the movie,movie.language
i want to know about life is beautiful,none
get all brad pitt produced movies,movie.produced_by
what movies about vampires are there,movie.subjects
find movies in french,movie.language
find zombie movies,movie.subjects
tell me the rating of the movie grease,movie.rating
look for the director of hum tum,movie.directed_by
find movies directed by steven spielberg,movie.directed_by
what rating is freedom writers,movie.rating
movies with bruce willis,movie.starring.actor
what genre is ted considered,movie.genre
list uk movies,movie.country
show me the actors in captain america,movie.starring.actor
search for lionsgate movies,movie.production_companies
show rating for the film avengers,movie.rating
movies directed by steven spielberg,movie.directed_by
when was step up released,movie.initial_release_date
list lionsgate movies,movie.production_companies
cast and crew of go,movie.starring.actor
find films in german,movie.language
search for steven spielberg,none
who is the producer of grease,movie.produced_by
do you have any movies made in japan,movie.country
show me the music composer for the movie,movie.music
see lionsgate info,none
search for the genre step up in,movie.genre
producer tom hanks movies,movie.produced_by
get list of zombie movies,movie.subjects
find information about kristen stewart,none
what available movies are rated g,movie.rating
what movies that clint eastwood starred in did he also direct,movie.starring.actor movie.directed_by
how much money did avatar make,movie.gross_revenue
what genre is looper,movie.genre
did robert wise direct the sound of music,movie.directed_by
show movies with brad pitt,movie.starring.actor
who directed soul surfer,movie.directed_by
what are all movies produced by chris nolan,movie.produced_by
is toy story for kids,movie.rating
i want to see anne hathaway's latest movie,movie.starring.actor movie.initial_release_date
what studio made the dark knight,movie.production_companies
who is the cast and crew for now forager,movie.starring.actor
what actor played in the amazing spider man,movie.starring.actor
hitchcock movies,movie.directed_by
how many movies were released on nine twenty eight twelve,movie.initial_release_date
show only movies that are in french,movie.language
show me more information about will smith,none
director of avatar,movie.directed_by
find scifi films,movie.genre
i would like to know the release date of the movie barfi,movie.initial_release_date
i am looking for movies made in france,movie.country
what country is outside the law from,movie.country
find movies directed by chris columbus,movie.directed_by
how much was it to make the film batman begins,movie.estimated_budget
dispaly info for movie house at the end of the street,none
list some paramount produced films,movie.production_companies
i want to go to the homepage for in july,none
show me g movies,movie.rating
movies regarding the hobby of chess,movie.subjects
what catergory is ted in,movie.genre
who produced this movie,movie.produced_by
can you show me details about the movie the campaign,none
avatar release,movie.initial_release_date
show me more information about the cast and crew of the movie apollo thirteen,movie.starring.actor
tell me where is trainspotting from,movie.country
bring up black swan production,none
movies will smith stars in,movie.starring.actor
show only rated r movies,movie.rating
movies about basketball,movie.subjects
who are the lead actors in this movie,movie.starring.actor
i want to see all movies with a r rating,movie.rating
